UUID,ts1,ts2,ts3,ts4,ts5,ts6,ts7,ts8,ts9,ts10,am1,am2,am3,am4,am5,am6,am7,am8,am9,am10
a923-45b7-gh12-8902,7498.69447686868,7476.3392156977,7588.88289449778,7422.72200135286,7564.26597179003,7539.75013245337,7550.39576756277,7558.56371339484,7387.6846264732,7521.03817651344,14.554818259613,14.5541265294749,13.4752227632474,12.2056848942818,13.133240815786,15.0267336595731,14.5843934847476,15.3332114652854,15.6055740524766,12.9287360083016
a923-45b7-gh12-416,7499.33060132153,7522.575981693,7463.05806099504,7565.34081598156,7539.28508599255,7483.06847220844,7504.12114836772,7527.76475202619,7470.73094115087,7415.65469190325,15.1074233514594,14.5998468615665,12.7880991149842,16.4296797326964,15.2412706210682,14.4281111239372,15.3055962454682,14.6397301413268,13.636724024458,12.0766929993347
a923-45b7-gh12-4608,7480.83194058398,7515.52881474987,7455.9522483192,7454.49309184539,7560.51364281902,7530.4933877775,7532.29291267404,7403.91362953185,7475.36077649585,7554.26152154583,14.9796810827239,11.6085379635487,15.7552806996396,14.626341250987,15.9885709607598,12.0301114841017,15.7809880244012,13.8962296491362,15.1265682101818,11.6768880640099
a923-45b7-gh12-8244,7523.70766484081,7393.25834630642,7514.24436049681,7500.25326681994,7502.84820545868,7538.50638333608,7482.01733905007,7481.66270137037,7508.72157826817,7562.34739708726,13.8384974676021,13.4923726437903,12.4567855747565,16.7593224481877,15.5136245950322,15.0925104559698,16.5361957146733,14.8208957771818,13.5313317596448,13.9739713980321
